local,hora,nivel,cor,aviso,tooltip
Aveiro,00:00,NA,#C8C7BB,âšª Sem informaÃ§Ã£o,Aveiro Ã s 00:00: âšª Sem informaÃ§Ã£o
Aveiro,01:00,NA,#C8C7BB,âšª Sem informaÃ§Ã£o,Aveiro Ã s 01:00: âšª Sem informaÃ§Ã£o
Aveiro,02:00,NA,#C8C7BB,âšª Sem informaÃ§Ã£o,Aveiro Ã s 02:00: âšª Sem informaÃ§Ã£o
Aveiro,03:00,NA,#C8C7BB,âšª Sem informaÃ§Ã£o,Aveiro Ã s 03:00: âšª Sem informaÃ§Ã£o
Aveiro,04:00,NA,#C8C7BB,âšª Sem informaÃ§Ã£o,Aveiro Ã s 04:00: âšª Sem informaÃ§Ã£o
Aveiro,05:00,NA,#C8C7BB,âšª Sem informaÃ§Ã£o,Aveiro Ã s 05:00: âšª Sem informaÃ§Ã£o
Aveiro,06:00,1,#B9D153,ğŸŸ¢ Verde,Aveiro Ã s 06:00: ğŸŸ¢ Verde
Aveiro,07:00,1,#B9D153,ğŸŸ¢ Verde,Aveiro Ã s 07:00: ğŸŸ¢ Verde
Aveiro,08:00,1,#B9D153,ğŸŸ¢ Verde,Aveiro Ã s 08:00: ğŸŸ¢ Verde
Aveiro,09:00,2,#FADF4B,ğŸŸ¡ Amarelo,Aveiro Ã s 09:00: ğŸŸ¡ Amarelo
Aveiro,10:00,2,#FADF4B,ğŸŸ¡ Amarelo,Aveiro Ã s 10:00: ğŸŸ¡ Amarelo
Aveiro,11:00,2,#FADF4B,ğŸŸ¡ Amarelo,Aveiro Ã s 11:00: ğŸŸ¡ Amarelo
Aveiro,12:00,2,#FADF4B,ğŸŸ¡ Amarelo,Aveiro Ã s 12:00: ğŸŸ¡ Amarelo
Aveiro,13:00,2,#FADF4B,ğŸŸ¡ Amarelo,Aveiro Ã s 13:00: ğŸŸ¡ Amarelo
Aveiro,14:00,2,#FADF4B,ğŸŸ¡ Amarelo,Aveiro Ã s 14:00: ğŸŸ¡ Amarelo
Aveiro,15:00,2,#FADF4B,ğŸŸ¡ Amarelo,Aveiro Ã s 15:00: ğŸŸ¡ Amarelo
Aveiro,16:00,2,#FADF4B,ğŸŸ¡ Amarelo,Aveiro Ã s 16:00: ğŸŸ¡ Amarelo
Aveiro,17:00,2,#FADF4B,ğŸŸ¡ Amarelo,Aveiro Ã s 17:00: ğŸŸ¡ Amarelo
Aveiro,18:00,2,#FADF4B,ğŸŸ¡ Amarelo,Aveiro Ã s 18:00: ğŸŸ¡ Amarelo
Aveiro,19:00,2,#FADF4B,ğŸŸ¡ Amarelo,Aveiro Ã s 19:00: ğŸŸ¡ Amarelo
Aveiro,20:00,2,#FADF4B,ğŸŸ¡ Amarelo,Aveiro Ã s 20:00: ğŸŸ¡ Amarelo
Aveiro,21:00,2,#FADF4B,ğŸŸ¡ Amarelo,Aveiro Ã s 21:00: ğŸŸ¡ Amarelo
Aveiro,22:00,2,#FADF4B,ğŸŸ¡ Amarelo,Aveiro Ã s 22:00: ğŸŸ¡ Amarelo
Aveiro,23:00,2,#FADF4B,ğŸŸ¡ Amarelo,Aveiro Ã s 23:00: ğŸŸ¡ Amarelo
Beja,00:00,NA,#C8C7BB,âšª Sem informaÃ§Ã£o,Beja Ã s 00:00: âšª Sem informaÃ§Ã£o
Beja,01:00,NA,#C8C7BB,âšª Sem informaÃ§Ã£o,Beja Ã s 01:00: âšª Sem informaÃ§Ã£o
Beja,02:00,NA,#C8C7BB,âšª Sem informaÃ§Ã£o,Beja Ã s 02:00: âšª Sem informaÃ§Ã£o
Beja,03:00,NA,#C8C7BB,âšª Sem informaÃ§Ã£o,Beja Ã s 03:00: âšª Sem informaÃ§Ã£o
Beja,04:00,NA,#C8C7BB,âšª Sem informaÃ§Ã£o,Beja Ã s 04:00: âšª Sem informaÃ§Ã£o
Beja,05:00,NA,#C8C7BB,âšª Sem informaÃ§Ã£o,Beja Ã s 05:00: âšª Sem informaÃ§Ã£o
Beja,06:00,1,#B9D153,ğŸŸ¢ Verde,Beja Ã s 06:00: ğŸŸ¢ Verde
Beja,07:00,1,#B9D153,ğŸŸ¢ Verde,Beja Ã s 07:00: ğŸŸ¢ Verde
Beja,08:00,1,#B9D153,ğŸŸ¢ Verde,Beja Ã s 08:00: ğŸŸ¢ Verde
Beja,09:00,2,#FADF4B,ğŸŸ¡ Amarelo,Beja Ã s 09:00: ğŸŸ¡ Amarelo
Beja,10:00,2,#FADF4B,ğŸŸ¡ Amarelo,Beja Ã s 10:00: ğŸŸ¡ Amarelo
Beja,11:00,2,#FADF4B,ğŸŸ¡ Amarelo,Beja Ã s 11:00: ğŸŸ¡ Amarelo
Beja,12:00,2,#FADF4B,ğŸŸ¡ Amarelo,Beja Ã s 12:00: ğŸŸ¡ Amarelo
Beja,13:00,2,#FADF4B,ğŸŸ¡ Amarelo,Beja Ã s 13:00: ğŸŸ¡ Amarelo
Beja,14:00,2,#FADF4B,ğŸŸ¡ Amarelo,Beja Ã s 14:00: ğŸŸ¡ Amarelo
Beja,15:00,2,#FADF4B,ğŸŸ¡ Amarelo,Beja Ã s 15:00: ğŸŸ¡ Amarelo
Beja,16:00,2,#FADF4B,ğŸŸ¡ Amarelo,Beja Ã s 16:00: ğŸŸ¡ Amarelo
Beja,17:00,2,#FADF4B,ğŸŸ¡ Amarelo,Beja Ã s 17:00: ğŸŸ¡ Amarelo
Beja,18:00,2,#FADF4B,ğŸŸ¡ Amarelo,Beja Ã s 18:00: ğŸŸ¡ Amarelo
Beja,19:00,2,#FADF4B,ğŸŸ¡ Amarelo,Beja Ã s 19:00: ğŸŸ¡ Amarelo
Beja,20:00,2,#FADF4B,ğŸŸ¡ Amarelo,Beja Ã s 20:00: ğŸŸ¡ Amarelo
Beja,21:00,2,#FADF4B,ğŸŸ¡ Amarelo,Beja Ã s 21:00: ğŸŸ¡ Amarelo
Beja,22:00,2,#FADF4B,ğŸŸ¡ Amarelo,Beja Ã s 22:00: ğŸŸ¡ Amarelo
Beja,23:00,2,#FADF4B,ğŸŸ¡ Amarelo,Beja Ã s 23:00: ğŸŸ¡ Amarelo
Braga,00:00,NA,#C8C7BB,âšª Sem informaÃ§Ã£o,Braga Ã s 00:00: âšª Sem informaÃ§Ã£o
Braga,01:00,NA,#C8C7BB,âšª Sem informaÃ§Ã£o,Braga Ã s 01:00: âšª Sem informaÃ§Ã£o
Braga,02:00,NA,#C8C7BB,âšª Sem informaÃ§Ã£o,Braga Ã s 02:00: âšª Sem informaÃ§Ã£o
Braga,03:00,NA,#C8C7BB,âšª Sem informaÃ§Ã£o,Braga Ã s 03:00: âšª Sem informaÃ§Ã£o
Braga,04:00,NA,#C8C7BB,âšª Sem informaÃ§Ã£o,Braga Ã s 04:00: âšª Sem informaÃ§Ã£o
Braga,05:00,NA,#C8C7BB,âšª Sem informaÃ§Ã£o,Braga Ã s 05:00: âšª Sem informaÃ§Ã£o
Braga,06:00,1,#B9D153,ğŸŸ¢ Verde,Braga Ã s 06:00: ğŸŸ¢ Verde
Braga,07:00,1,#B9D153,ğŸŸ¢ Verde,Braga Ã s 07:00: ğŸŸ¢ Verde
Braga,08:00,1,#B9D153,ğŸŸ¢ Verde,Braga Ã s 08:00: ğŸŸ¢ Verde
Braga,09:00,2,#FADF4B,ğŸŸ¡ Amarelo,Braga Ã s 09:00: ğŸŸ¡ Amarelo
Braga,10:00,2,#FADF4B,ğŸŸ¡ Amarelo,Braga Ã s 10:00: ğŸŸ¡ Amarelo
Braga,11:00,2,#FADF4B,ğŸŸ¡ Amarelo,Braga Ã s 11:00: ğŸŸ¡ Amarelo
Braga,12:00,2,#FADF4B,ğŸŸ¡ Amarelo,Braga Ã s 12:00: ğŸŸ¡ Amarelo
Braga,13:00,2,#FADF4B,ğŸŸ¡ Amarelo,Braga Ã s 13:00: ğŸŸ¡ Amarelo
Braga,14:00,2,#FADF4B,ğŸŸ¡ Amarelo,Braga Ã s 14:00: ğŸŸ¡ Amarelo
Braga,15:00,2,#FADF4B,ğŸŸ¡ Amarelo,Braga Ã s 15:00: ğŸŸ¡ Amarelo
Braga,16:00,2,#FADF4B,ğŸŸ¡ Amarelo,Braga Ã s 16:00: ğŸŸ¡ Amarelo
Braga,17:00,2,#FADF4B,ğŸŸ¡ Amarelo,Braga Ã s 17:00: ğŸŸ¡ Amarelo
Braga,18:00,2,#FADF4B,ğŸŸ¡ Amarelo,Braga Ã s 18:00: ğŸŸ¡ Amarelo
Braga,19:00,2,#FADF4B,ğŸŸ¡ Amarelo,Braga Ã s 19:00: ğŸŸ¡ Amarelo
Braga,20:00,2,#FADF4B,ğŸŸ¡ Amarelo,Braga Ã s 20:00: ğŸŸ¡ Amarelo
Braga,21:00,2,#FADF4B,ğŸŸ¡ Amarelo,Braga Ã s 21:00: ğŸŸ¡ Amarelo
Braga,22:00,2,#FADF4B,ğŸŸ¡ Amarelo,Braga Ã s 22:00: ğŸŸ¡ Amarelo
Braga,23:00,2,#FADF4B,ğŸŸ¡ Amarelo,Braga Ã s 23:00: ğŸŸ¡ Amarelo
BraganÃ§a,00:00,NA,#C8C7BB,âšª Sem informaÃ§Ã£o,BraganÃ§a Ã s 00:00: âšª Sem informaÃ§Ã£o
BraganÃ§a,01:00,NA,#C8C7BB,âšª Sem informaÃ§Ã£o,BraganÃ§a Ã s 01:00: âšª Sem informaÃ§Ã£o
BraganÃ§a,02:00,NA,#C8C7BB,âšª Sem informaÃ§Ã£o,BraganÃ§a Ã s 02:00: âšª Sem informaÃ§Ã£o
BraganÃ§a,03:00,NA,#C8C7BB,âšª Sem informaÃ§Ã£o,BraganÃ§a Ã s 03:00: âšª Sem informaÃ§Ã£o
BraganÃ§a,04:00,NA,#C8C7BB,âšª Sem informaÃ§Ã£o,BraganÃ§a Ã s 04:00: âšª Sem informaÃ§Ã£o
BraganÃ§a,05:00,NA,#C8C7BB,âšª Sem informaÃ§Ã£o,BraganÃ§a Ã s 05:00: âšª Sem informaÃ§Ã£o
BraganÃ§a,06:00,1,#B9D153,ğŸŸ¢ Verde,BraganÃ§a Ã s 06:00: ğŸŸ¢ Verde
BraganÃ§a,07:00,1,#B9D153,ğŸŸ¢ Verde,BraganÃ§a Ã s 07:00: ğŸŸ¢ Verde
BraganÃ§a,08:00,1,#B9D153,ğŸŸ¢ Verde,BraganÃ§a Ã s 08:00: ğŸŸ¢ Verde
BraganÃ§a,09:00,2,#FADF4B,ğŸŸ¡ Amarelo,BraganÃ§a Ã s 09:00: ğŸŸ¡ Amarelo
BraganÃ§a,10:00,2,#FADF4B,ğŸŸ¡ Amarelo,BraganÃ§a Ã s 10:00: ğŸŸ¡ Amarelo
BraganÃ§a,11:00,2,#FADF4B,ğŸŸ¡ Amarelo,BraganÃ§a Ã s 11:00: ğŸŸ¡ Amarelo
BraganÃ§a,12:00,2,#FADF4B,ğŸŸ¡ Amarelo,BraganÃ§a Ã s 12:00: ğŸŸ¡ Amarelo
BraganÃ§a,13:00,2,#FADF4B,ğŸŸ¡ Amarelo,BraganÃ§a Ã s 13:00: ğŸŸ¡ Amarelo
BraganÃ§a,14:00,2,#FADF4B,ğŸŸ¡ Amarelo,BraganÃ§a Ã s 14:00: ğŸŸ¡ Amarelo
BraganÃ§a,15:00,2,#FADF4B,ğŸŸ¡ Amarelo,BraganÃ§a Ã s 15:00: ğŸŸ¡ Amarelo
BraganÃ§a,16:00,2,#FADF4B,ğŸŸ¡ Amarelo,BraganÃ§a Ã s 16:00: ğŸŸ¡ Amarelo
BraganÃ§a,17:00,2,#FADF4B,ğŸŸ¡ Amarelo,BraganÃ§a Ã s 17:00: ğŸŸ¡ Amarelo
BraganÃ§a,18:00,2,#FADF4B,ğŸŸ¡ Amarelo,BraganÃ§a Ã s 18:00: ğŸŸ¡ Amarelo
BraganÃ§a,19:00,2,#FADF4B,ğŸŸ¡ Amarelo,BraganÃ§a Ã s 19:00: ğŸŸ¡ Amarelo
BraganÃ§a,20:00,2,#FADF4B,ğŸŸ¡ Amarelo,BraganÃ§a Ã s 20:00: ğŸŸ¡ Amarelo
BraganÃ§a,21:00,2,#FADF4B,ğŸŸ¡ Amarelo,BraganÃ§a Ã s 21:00: ğŸŸ¡ Amarelo
BraganÃ§a,22:00,2,#FADF4B,ğŸŸ¡ Amarelo,BraganÃ§a Ã s 22:00: ğŸŸ¡ Amarelo
BraganÃ§a,23:00,2,#FADF4B,ğŸŸ¡ Amarelo,BraganÃ§a Ã s 23:00: ğŸŸ¡ Amarelo
Castelo Branco,00:00,NA,#C8C7BB,âšª Sem informaÃ§Ã£o,Castelo Branco Ã s 00:00: âšª Sem informaÃ§Ã£o
Castelo Branco,01:00,NA,#C8C7BB,âšª Sem informaÃ§Ã£o,Castelo Branco Ã s 01:00: âšª Sem informaÃ§Ã£o
Castelo Branco,02:00,NA,#C8C7BB,âšª Sem informaÃ§Ã£o,Castelo Branco Ã s 02:00: âšª Sem informaÃ§Ã£o
Castelo Branco,03:00,NA,#C8C7BB,âšª Sem informaÃ§Ã£o,Castelo Branco Ã s 03:00: âšª Sem informaÃ§Ã£o
Castelo Branco,04:00,NA,#C8C7BB,âšª Sem informaÃ§Ã£o,Castelo Branco Ã s 04:00: âšª Sem informaÃ§Ã£o
Castelo Branco,05:00,NA,#C8C7BB,âšª Sem informaÃ§Ã£o,Castelo Branco Ã s 05:00: âšª Sem informaÃ§Ã£o
Castelo Branco,06:00,1,#B9D153,ğŸŸ¢ Verde,Castelo Branco Ã s 06:00: ğŸŸ¢ Verde
Castelo Branco,07:00,1,#B9D153,ğŸŸ¢ Verde,Castelo Branco Ã s 07:00: ğŸŸ¢ Verde
Castelo Branco,08:00,1,#B9D153,ğŸŸ¢ Verde,Castelo Branco Ã s 08:00: ğŸŸ¢ Verde
Castelo Branco,09:00,2,#FADF4B,ğŸŸ¡ Amarelo,Castelo Branco Ã s 09:00: ğŸŸ¡ Amarelo
Castelo Branco,10:00,2,#FADF4B,ğŸŸ¡ Amarelo,Castelo Branco Ã s 10:00: ğŸŸ¡ Amarelo
Castelo Branco,11:00,2,#FADF4B,ğŸŸ¡ Amarelo,Castelo Branco Ã s 11:00: ğŸŸ¡ Amarelo
Castelo Branco,12:00,2,#FADF4B,ğŸŸ¡ Amarelo,Castelo Branco Ã s 12:00: ğŸŸ¡ Amarelo
Castelo Branco,13:00,2,#FADF4B,ğŸŸ¡ Amarelo,Castelo Branco Ã s 13:00: ğŸŸ¡ Amarelo
Castelo Branco,14:00,2,#FADF4B,ğŸŸ¡ Amarelo,Castelo Branco Ã s 14:00: ğŸŸ¡ Amarelo
Castelo Branco,15:00,2,#FADF4B,ğŸŸ¡ Amarelo,Castelo Branco Ã s 15:00: ğŸŸ¡ Amarelo
Castelo Branco,16:00,2,#FADF4B,ğŸŸ¡ Amarelo,Castelo Branco Ã s 16:00: ğŸŸ¡ Amarelo
Castelo Branco,17:00,2,#FADF4B,ğŸŸ¡ Amarelo,Castelo Branco Ã s 17:00: ğŸŸ¡ Amarelo
Castelo Branco,18:00,2,#FADF4B,ğŸŸ¡ Amarelo,Castelo Branco Ã s 18:00: ğŸŸ¡ Amarelo
Castelo Branco,19:00,2,#FADF4B,ğŸŸ¡ Amarelo,Castelo Branco Ã s 19:00: ğŸŸ¡ Amarelo
Castelo Branco,20:00,2,#FADF4B,ğŸŸ¡ Amarelo,Castelo Branco Ã s 20:00: ğŸŸ¡ Amarelo
Castelo Branco,21:00,2,#FADF4B,ğŸŸ¡ Amarelo,Castelo Branco Ã s 21:00: ğŸŸ¡ Amarelo
Castelo Branco,22:00,2,#FADF4B,ğŸŸ¡ Amarelo,Castelo Branco Ã s 22:00: ğŸŸ¡ Amarelo
Castelo Branco,23:00,2,#FADF4B,ğŸŸ¡ Amarelo,Castelo Branco Ã s 23:00: ğŸŸ¡ Amarelo
Coimbra,00:00,NA,#C8C7BB,âšª Sem informaÃ§Ã£o,Coimbra Ã s 00:00: âšª Sem informaÃ§Ã£o
Coimbra,01:00,NA,#C8C7BB,âšª Sem informaÃ§Ã£o,Coimbra Ã s 01:00: âšª Sem informaÃ§Ã£o
Coimbra,02:00,NA,#C8C7BB,âšª Sem informaÃ§Ã£o,Coimbra Ã s 02:00: âšª Sem informaÃ§Ã£o
Coimbra,03:00,NA,#C8C7BB,âšª Sem informaÃ§Ã£o,Coimbra Ã s 03:00: âšª Sem informaÃ§Ã£o
Coimbra,04:00,NA,#C8C7BB,âšª Sem informaÃ§Ã£o,Coimbra Ã s 04:00: âšª Sem informaÃ§Ã£o
Coimbra,05:00,NA,#C8C7BB,âšª Sem informaÃ§Ã£o,Coimbra Ã s 05:00: âšª Sem informaÃ§Ã£o
Coimbra,06:00,1,#B9D153,ğŸŸ¢ Verde,Coimbra Ã s 06:00: ğŸŸ¢ Verde
Coimbra,07:00,1,#B9D153,ğŸŸ¢ Verde,Coimbra Ã s 07:00: ğŸŸ¢ Verde
Coimbra,08:00,1,#B9D153,ğŸŸ¢ Verde,Coimbra Ã s 08:00: ğŸŸ¢ Verde
Coimbra,09:00,2,#FADF4B,ğŸŸ¡ Amarelo,Coimbra Ã s 09:00: ğŸŸ¡ Amarelo
Coimbra,10:00,2,#FADF4B,ğŸŸ¡ Amarelo,Coimbra Ã s 10:00: ğŸŸ¡ Amarelo
Coimbra,11:00,2,#FADF4B,ğŸŸ¡ Amarelo,Coimbra Ã s 11:00: ğŸŸ¡ Amarelo
Coimbra,12:00,2,#FADF4B,ğŸŸ¡ Amarelo,Coimbra Ã s 12:00: ğŸŸ¡ Amarelo
Coimbra,13:00,2,#FADF4B,ğŸŸ¡ Amarelo,Coimbra Ã s 13:00: ğŸŸ¡ Amarelo
Coimbra,14:00,2,#FADF4B,ğŸŸ¡ Amarelo,Coimbra Ã s 14:00: ğŸŸ¡ Amarelo
Coimbra,15:00,2,#FADF4B,ğŸŸ¡ Amarelo,Coimbra Ã s 15:00: ğŸŸ¡ Amarelo
Coimbra,16:00,2,#FADF4B,ğŸŸ¡ Amarelo,Coimbra Ã s 16:00: ğŸŸ¡ Amarelo
Coimbra,17:00,2,#FADF4B,ğŸŸ¡ Amarelo,Coimbra Ã s 17:00: ğŸŸ¡ Amarelo
Coimbra,18:00,2,#FADF4B,ğŸŸ¡ Amarelo,Coimbra Ã s 18:00: ğŸŸ¡ Amarelo
Coimbra,19:00,2,#FADF4B,ğŸŸ¡ Amarelo,Coimbra Ã s 19:00: ğŸŸ¡ Amarelo
Coimbra,20:00,2,#FADF4B,ğŸŸ¡ Amarelo,Coimbra Ã s 20:00: ğŸŸ¡ Amarelo
Coimbra,21:00,2,#FADF4B,ğŸŸ¡ Amarelo,Coimbra Ã s 21:00: ğŸŸ¡ Amarelo
Coimbra,22:00,2,#FADF4B,ğŸŸ¡ Amarelo,Coimbra Ã s 22:00: ğŸŸ¡ Amarelo
Coimbra,23:00,2,#FADF4B,ğŸŸ¡ Amarelo,Coimbra Ã s 23:00: ğŸŸ¡ Amarelo
Ã‰vora,00:00,NA,#C8C7BB,âšª Sem informaÃ§Ã£o,Ã‰vora Ã s 00:00: âšª Sem informaÃ§Ã£o
Ã‰vora,01:00,NA,#C8C7BB,âšª Sem informaÃ§Ã£o,Ã‰vora Ã s 01:00: âšª Sem informaÃ§Ã£o
Ã‰vora,02:00,NA,#C8C7BB,âšª Sem informaÃ§Ã£o,Ã‰vora Ã s 02:00: âšª Sem informaÃ§Ã£o
Ã‰vora,03:00,NA,#C8C7BB,âšª Sem informaÃ§Ã£o,Ã‰vora Ã s 03:00: âšª Sem informaÃ§Ã£o
Ã‰vora,04:00,NA,#C8C7BB,âšª Sem informaÃ§Ã£o,Ã‰vora Ã s 04:00: âšª Sem informaÃ§Ã£o
Ã‰vora,05:00,NA,#C8C7BB,âšª Sem informaÃ§Ã£o,Ã‰vora Ã s 05:00: âšª Sem informaÃ§Ã£o
Ã‰vora,06:00,1,#B9D153,ğŸŸ¢ Verde,Ã‰vora Ã s 06:00: ğŸŸ¢ Verde
Ã‰vora,07:00,1,#B9D153,ğŸŸ¢ Verde,Ã‰vora Ã s 07:00: ğŸŸ¢ Verde
Ã‰vora,08:00,1,#B9D153,ğŸŸ¢ Verde,Ã‰vora Ã s 08:00: ğŸŸ¢ Verde
Ã‰vora,09:00,2,#FADF4B,ğŸŸ¡ Amarelo,Ã‰vora Ã s 09:00: ğŸŸ¡ Amarelo
Ã‰vora,10:00,2,#FADF4B,ğŸŸ¡ Amarelo,Ã‰vora Ã s 10:00: ğŸŸ¡ Amarelo
Ã‰vora,11:00,2,#FADF4B,ğŸŸ¡ Amarelo,Ã‰vora Ã s 11:00: ğŸŸ¡ Amarelo
Ã‰vora,12:00,2,#FADF4B,ğŸŸ¡ Amarelo,Ã‰vora Ã s 12:00: ğŸŸ¡ Amarelo
Ã‰vora,13:00,2,#FADF4B,ğŸŸ¡ Amarelo,Ã‰vora Ã s 13:00: ğŸŸ¡ Amarelo
Ã‰vora,14:00,2,#FADF4B,ğŸŸ¡ Amarelo,Ã‰vora Ã s 14:00: ğŸŸ¡ Amarelo
Ã‰vora,15:00,2,#FADF4B,ğŸŸ¡ Amarelo,Ã‰vora Ã s 15:00: ğŸŸ¡ Amarelo
Ã‰vora,16:00,2,#FADF4B,ğŸŸ¡ Amarelo,Ã‰vora Ã s 16:00: ğŸŸ¡ Amarelo
Ã‰vora,17:00,2,#FADF4B,ğŸŸ¡ Amarelo,Ã‰vora Ã s 17:00: ğŸŸ¡ Amarelo
Ã‰vora,18:00,2,#FADF4B,ğŸŸ¡ Amarelo,Ã‰vora Ã s 18:00: ğŸŸ¡ Amarelo
Ã‰vora,19:00,2,#FADF4B,ğŸŸ¡ Amarelo,Ã‰vora Ã s 19:00: ğŸŸ¡ Amarelo
Ã‰vora,20:00,2,#FADF4B,ğŸŸ¡ Amarelo,Ã‰vora Ã s 20:00: ğŸŸ¡ Amarelo
Ã‰vora,21:00,2,#FADF4B,ğŸŸ¡ Amarelo,Ã‰vora Ã s 21:00: ğŸŸ¡ Amarelo
Ã‰vora,22:00,2,#FADF4B,ğŸŸ¡ Amarelo,Ã‰vora Ã s 22:00: ğŸŸ¡ Amarelo
Ã‰vora,23:00,2,#FADF4B,ğŸŸ¡ Amarelo,Ã‰vora Ã s 23:00: ğŸŸ¡ Amarelo
Faro,00:00,NA,#C8C7BB,âšª Sem informaÃ§Ã£o,Faro Ã s 00:00: âšª Sem informaÃ§Ã£o
Faro,01:00,NA,#C8C7BB,âšª Sem informaÃ§Ã£o,Faro Ã s 01:00: âšª Sem informaÃ§Ã£o
Faro,02:00,NA,#C8C7BB,âšª Sem informaÃ§Ã£o,Faro Ã s 02:00: âšª Sem informaÃ§Ã£o
Faro,03:00,NA,#C8C7BB,âšª Sem informaÃ§Ã£o,Faro Ã s 03:00: âšª Sem informaÃ§Ã£o
Faro,04:00,NA,#C8C7BB,âšª Sem informaÃ§Ã£o,Faro Ã s 04:00: âšª Sem informaÃ§Ã£o
Faro,05:00,NA,#C8C7BB,âšª Sem informaÃ§Ã£o,Faro Ã s 05:00: âšª Sem informaÃ§Ã£o
Faro,06:00,1,#B9D153,ğŸŸ¢ Verde,Faro Ã s 06:00: ğŸŸ¢ Verde
Faro,07:00,1,#B9D153,ğŸŸ¢ Verde,Faro Ã s 07:00: ğŸŸ¢ Verde
Faro,08:00,1,#B9D153,ğŸŸ¢ Verde,Faro Ã s 08:00: ğŸŸ¢ Verde
Faro,09:00,2,#FADF4B,ğŸŸ¡ Amarelo,Faro Ã s 09:00: ğŸŸ¡ Amarelo
Faro,10:00,2,#FADF4B,ğŸŸ¡ Amarelo,Faro Ã s 10:00: ğŸŸ¡ Amarelo
Faro,11:00,2,#FADF4B,ğŸŸ¡ Amarelo,Faro Ã s 11:00: ğŸŸ¡ Amarelo
Faro,12:00,2,#FADF4B,ğŸŸ¡ Amarelo,Faro Ã s 12:00: ğŸŸ¡ Amarelo
Faro,13:00,2,#FADF4B,ğŸŸ¡ Amarelo,Faro Ã s 13:00: ğŸŸ¡ Amarelo
Faro,14:00,2,#FADF4B,ğŸŸ¡ Amarelo,Faro Ã s 14:00: ğŸŸ¡ Amarelo
Faro,15:00,2,#FADF4B,ğŸŸ¡ Amarelo,Faro Ã s 15:00: ğŸŸ¡ Amarelo
Faro,16:00,2,#FADF4B,ğŸŸ¡ Amarelo,Faro Ã s 16:00: ğŸŸ¡ Amarelo
Faro,17:00,2,#FADF4B,ğŸŸ¡ Amarelo,Faro Ã s 17:00: ğŸŸ¡ Amarelo
Faro,18:00,2,#FADF4B,ğŸŸ¡ Amarelo,Faro Ã s 18:00: ğŸŸ¡ Amarelo
Faro,19:00,2,#FADF4B,ğŸŸ¡ Amarelo,Faro Ã s 19:00: ğŸŸ¡ Amarelo
Faro,20:00,2,#FADF4B,ğŸŸ¡ Amarelo,Faro Ã s 20:00: ğŸŸ¡ Amarelo
Faro,21:00,2,#FADF4B,ğŸŸ¡ Amarelo,Faro Ã s 21:00: ğŸŸ¡ Amarelo
Faro,22:00,2,#FADF4B,ğŸŸ¡ Amarelo,Faro Ã s 22:00: ğŸŸ¡ Amarelo
Faro,23:00,2,#FADF4B,ğŸŸ¡ Amarelo,Faro Ã s 23:00: ğŸŸ¡ Amarelo
Guarda,00:00,NA,#C8C7BB,âšª Sem informaÃ§Ã£o,Guarda Ã s 00:00: âšª Sem informaÃ§Ã£o
Guarda,01:00,NA,#C8C7BB,âšª Sem informaÃ§Ã£o,Guarda Ã s 01:00: âšª Sem informaÃ§Ã£o
Guarda,02:00,NA,#C8C7BB,âšª Sem informaÃ§Ã£o,Guarda Ã s 02:00: âšª Sem informaÃ§Ã£o
Guarda,03:00,NA,#C8C7BB,âšª Sem informaÃ§Ã£o,Guarda Ã s 03:00: âšª Sem informaÃ§Ã£o
Guarda,04:00,NA,#C8C7BB,âšª Sem informaÃ§Ã£o,Guarda Ã s 04:00: âšª Sem informaÃ§Ã£o
Guarda,05:00,NA,#C8C7BB,âšª Sem informaÃ§Ã£o,Guarda Ã s 05:00: âšª Sem informaÃ§Ã£o
Guarda,06:00,1,#B9D153,ğŸŸ¢ Verde,Guarda Ã s 06:00: ğŸŸ¢ Verde
Guarda,07:00,1,#B9D153,ğŸŸ¢ Verde,Guarda Ã s 07:00: ğŸŸ¢ Verde
Guarda,08:00,1,#B9D153,ğŸŸ¢ Verde,Guarda Ã s 08:00: ğŸŸ¢ Verde
Guarda,09:00,2,#FADF4B,ğŸŸ¡ Amarelo,Guarda Ã s 09:00: ğŸŸ¡ Amarelo
Guarda,10:00,2,#FADF4B,ğŸŸ¡ Amarelo,Guarda Ã s 10:00: ğŸŸ¡ Amarelo
Guarda,11:00,2,#FADF4B,ğŸŸ¡ Amarelo,Guarda Ã s 11:00: ğŸŸ¡ Amarelo
Guarda,12:00,2,#FADF4B,ğŸŸ¡ Amarelo,Guarda Ã s 12:00: ğŸŸ¡ Amarelo
Guarda,13:00,2,#FADF4B,ğŸŸ¡ Amarelo,Guarda Ã s 13:00: ğŸŸ¡ Amarelo
Guarda,14:00,2,#FADF4B,ğŸŸ¡ Amarelo,Guarda Ã s 14:00: ğŸŸ¡ Amarelo
Guarda,15:00,2,#FADF4B,ğŸŸ¡ Amarelo,Guarda Ã s 15:00: ğŸŸ¡ Amarelo
Guarda,16:00,2,#FADF4B,ğŸŸ¡ Amarelo,Guarda Ã s 16:00: ğŸŸ¡ Amarelo
Guarda,17:00,2,#FADF4B,ğŸŸ¡ Amarelo,Guarda Ã s 17:00: ğŸŸ¡ Amarelo
Guarda,18:00,2,#FADF4B,ğŸŸ¡ Amarelo,Guarda Ã s 18:00: ğŸŸ¡ Amarelo
Guarda,19:00,2,#FADF4B,ğŸŸ¡ Amarelo,Guarda Ã s 19:00: ğŸŸ¡ Amarelo
Guarda,20:00,2,#FADF4B,ğŸŸ¡ Amarelo,Guarda Ã s 20:00: ğŸŸ¡ Amarelo
Guarda,21:00,2,#FADF4B,ğŸŸ¡ Amarelo,Guarda Ã s 21:00: ğŸŸ¡ Amarelo
Guarda,22:00,2,#FADF4B,ğŸŸ¡ Amarelo,Guarda Ã s 22:00: ğŸŸ¡ Amarelo
Guarda,23:00,2,#FADF4B,ğŸŸ¡ Amarelo,Guarda Ã s 23:00: ğŸŸ¡ Amarelo
Leiria,00:00,NA,#C8C7BB,âšª Sem informaÃ§Ã£o,Leiria Ã s 00:00: âšª Sem informaÃ§Ã£o
Leiria,01:00,NA,#C8C7BB,âšª Sem informaÃ§Ã£o,Leiria Ã s 01:00: âšª Sem informaÃ§Ã£o
Leiria,02:00,NA,#C8C7BB,âšª Sem informaÃ§Ã£o,Leiria Ã s 02:00: âšª Sem informaÃ§Ã£o
Leiria,03:00,NA,#C8C7BB,âšª Sem informaÃ§Ã£o,Leiria Ã s 03:00: âšª Sem informaÃ§Ã£o
Leiria,04:00,NA,#C8C7BB,âšª Sem informaÃ§Ã£o,Leiria Ã s 04:00: âšª Sem informaÃ§Ã£o
Leiria,05:00,NA,#C8C7BB,âšª Sem informaÃ§Ã£o,Leiria Ã s 05:00: âšª Sem informaÃ§Ã£o
Leiria,06:00,1,#B9D153,ğŸŸ¢ Verde,Leiria Ã s 06:00: ğŸŸ¢ Verde
Leiria,07:00,1,#B9D153,ğŸŸ¢ Verde,Leiria Ã s 07:00: ğŸŸ¢ Verde
Leiria,08:00,1,#B9D153,ğŸŸ¢ Verde,Leiria Ã s 08:00: ğŸŸ¢ Verde
Leiria,09:00,2,#FADF4B,ğŸŸ¡ Amarelo,Leiria Ã s 09:00: ğŸŸ¡ Amarelo
Leiria,10:00,2,#FADF4B,ğŸŸ¡ Amarelo,Leiria Ã s 10:00: ğŸŸ¡ Amarelo
Leiria,11:00,2,#FADF4B,ğŸŸ¡ Amarelo,Leiria Ã s 11:00: ğŸŸ¡ Amarelo
Leiria,12:00,2,#FADF4B,ğŸŸ¡ Amarelo,Leiria Ã s 12:00: ğŸŸ¡ Amarelo
Leiria,13:00,2,#FADF4B,ğŸŸ¡ Amarelo,Leiria Ã s 13:00: ğŸŸ¡ Amarelo
Leiria,14:00,2,#FADF4B,ğŸŸ¡ Amarelo,Leiria Ã s 14:00: ğŸŸ¡ Amarelo
Leiria,15:00,2,#FADF4B,ğŸŸ¡ Amarelo,Leiria Ã s 15:00: ğŸŸ¡ Amarelo
Leiria,16:00,2,#FADF4B,ğŸŸ¡ Amarelo,Leiria Ã s 16:00: ğŸŸ¡ Amarelo
Leiria,17:00,2,#FADF4B,ğŸŸ¡ Amarelo,Leiria Ã s 17:00: ğŸŸ¡ Amarelo
Leiria,18:00,2,#FADF4B,ğŸŸ¡ Amarelo,Leiria Ã s 18:00: ğŸŸ¡ Amarelo
Leiria,19:00,2,#FADF4B,ğŸŸ¡ Amarelo,Leiria Ã s 19:00: ğŸŸ¡ Amarelo
Leiria,20:00,2,#FADF4B,ğŸŸ¡ Amarelo,Leiria Ã s 20:00: ğŸŸ¡ Amarelo
Leiria,21:00,2,#FADF4B,ğŸŸ¡ Amarelo,Leiria Ã s 21:00: ğŸŸ¡ Amarelo
Leiria,22:00,2,#FADF4B,ğŸŸ¡ Amarelo,Leiria Ã s 22:00: ğŸŸ¡ Amarelo
Leiria,23:00,2,#FADF4B,ğŸŸ¡ Amarelo,Leiria Ã s 23:00: ğŸŸ¡ Amarelo
Lisboa,00:00,NA,#C8C7BB,âšª Sem informaÃ§Ã£o,Lisboa Ã s 00:00: âšª Sem informaÃ§Ã£o
Lisboa,01:00,NA,#C8C7BB,âšª Sem informaÃ§Ã£o,Lisboa Ã s 01:00: âšª Sem informaÃ§Ã£o
Lisboa,02:00,NA,#C8C7BB,âšª Sem informaÃ§Ã£o,Lisboa Ã s 02:00: âšª Sem informaÃ§Ã£o
Lisboa,03:00,NA,#C8C7BB,âšª Sem informaÃ§Ã£o,Lisboa Ã s 03:00: âšª Sem informaÃ§Ã£o
Lisboa,04:00,NA,#C8C7BB,âšª Sem informaÃ§Ã£o,Lisboa Ã s 04:00: âšª Sem informaÃ§Ã£o
Lisboa,05:00,NA,#C8C7BB,âšª Sem informaÃ§Ã£o,Lisboa Ã s 05:00: âšª Sem informaÃ§Ã£o
Lisboa,06:00,1,#B9D153,ğŸŸ¢ Verde,Lisboa Ã s 06:00: ğŸŸ¢ Verde
Lisboa,07:00,1,#B9D153,ğŸŸ¢ Verde,Lisboa Ã s 07:00: ğŸŸ¢ Verde
Lisboa,08:00,1,#B9D153,ğŸŸ¢ Verde,Lisboa Ã s 08:00: ğŸŸ¢ Verde
Lisboa,09:00,2,#FADF4B,ğŸŸ¡ Amarelo,Lisboa Ã s 09:00: ğŸŸ¡ Amarelo
Lisboa,10:00,2,#FADF4B,ğŸŸ¡ Amarelo,Lisboa Ã s 10:00: ğŸŸ¡ Amarelo
Lisboa,11:00,2,#FADF4B,ğŸŸ¡ Amarelo,Lisboa Ã s 11:00: ğŸŸ¡ Amarelo
Lisboa,12:00,2,#FADF4B,ğŸŸ¡ Amarelo,Lisboa Ã s 12:00: ğŸŸ¡ Amarelo
Lisboa,13:00,2,#FADF4B,ğŸŸ¡ Amarelo,Lisboa Ã s 13:00: ğŸŸ¡ Amarelo
Lisboa,14:00,2,#FADF4B,ğŸŸ¡ Amarelo,Lisboa Ã s 14:00: ğŸŸ¡ Amarelo
Lisboa,15:00,2,#FADF4B,ğŸŸ¡ Amarelo,Lisboa Ã s 15:00: ğŸŸ¡ Amarelo
Lisboa,16:00,2,#FADF4B,ğŸŸ¡ Amarelo,Lisboa Ã s 16:00: ğŸŸ¡ Amarelo
Lisboa,17:00,2,#FADF4B,ğŸŸ¡ Amarelo,Lisboa Ã s 17:00: ğŸŸ¡ Amarelo
Lisboa,18:00,2,#FADF4B,ğŸŸ¡ Amarelo,Lisboa Ã s 18:00: ğŸŸ¡ Amarelo
Lisboa,19:00,2,#FADF4B,ğŸŸ¡ Amarelo,Lisboa Ã s 19:00: ğŸŸ¡ Amarelo
Lisboa,20:00,2,#FADF4B,ğŸŸ¡ Amarelo,Lisboa Ã s 20:00: ğŸŸ¡ Amarelo
Lisboa,21:00,2,#FADF4B,ğŸŸ¡ Amarelo,Lisboa Ã s 21:00: ğŸŸ¡ Amarelo
Lisboa,22:00,2,#FADF4B,ğŸŸ¡ Amarelo,Lisboa Ã s 22:00: ğŸŸ¡ Amarelo
Lisboa,23:00,2,#FADF4B,ğŸŸ¡ Amarelo,Lisboa Ã s 23:00: ğŸŸ¡ Amarelo
Penhas Douradas,00:00,NA,#C8C7BB,âšª Sem informaÃ§Ã£o,Penhas Douradas Ã s 00:00: âšª Sem informaÃ§Ã£o
Penhas Douradas,01:00,NA,#C8C7BB,âšª Sem informaÃ§Ã£o,Penhas Douradas Ã s 01:00: âšª Sem informaÃ§Ã£o
Penhas Douradas,02:00,NA,#C8C7BB,âšª Sem informaÃ§Ã£o,Penhas Douradas Ã s 02:00: âšª Sem informaÃ§Ã£o
Penhas Douradas,03:00,NA,#C8C7BB,âšª Sem informaÃ§Ã£o,Penhas Douradas Ã s 03:00: âšª Sem informaÃ§Ã£o
Penhas Douradas,04:00,NA,#C8C7BB,âšª Sem informaÃ§Ã£o,Penhas Douradas Ã s 04:00: âšª Sem informaÃ§Ã£o
Penhas Douradas,05:00,NA,#C8C7BB,âšª Sem informaÃ§Ã£o,Penhas Douradas Ã s 05:00: âšª Sem informaÃ§Ã£o
Penhas Douradas,06:00,1,#B9D153,ğŸŸ¢ Verde,Penhas Douradas Ã s 06:00: ğŸŸ¢ Verde
Penhas Douradas,07:00,1,#B9D153,ğŸŸ¢ Verde,Penhas Douradas Ã s 07:00: ğŸŸ¢ Verde
Penhas Douradas,08:00,1,#B9D153,ğŸŸ¢ Verde,Penhas Douradas Ã s 08:00: ğŸŸ¢ Verde
Penhas Douradas,09:00,2,#FADF4B,ğŸŸ¡ Amarelo,Penhas Douradas Ã s 09:00: ğŸŸ¡ Amarelo
Penhas Douradas,10:00,2,#FADF4B,ğŸŸ¡ Amarelo,Penhas Douradas Ã s 10:00: ğŸŸ¡ Amarelo
Penhas Douradas,11:00,2,#FADF4B,ğŸŸ¡ Amarelo,Penhas Douradas Ã s 11:00: ğŸŸ¡ Amarelo
Penhas Douradas,12:00,2,#FADF4B,ğŸŸ¡ Amarelo,Penhas Douradas Ã s 12:00: ğŸŸ¡ Amarelo
Penhas Douradas,13:00,2,#FADF4B,ğŸŸ¡ Amarelo,Penhas Douradas Ã s 13:00: ğŸŸ¡ Amarelo
Penhas Douradas,14:00,2,#FADF4B,ğŸŸ¡ Amarelo,Penhas Douradas Ã s 14:00: ğŸŸ¡ Amarelo
Penhas Douradas,15:00,2,#FADF4B,ğŸŸ¡ Amarelo,Penhas Douradas Ã s 15:00: ğŸŸ¡ Amarelo
Penhas Douradas,16:00,2,#FADF4B,ğŸŸ¡ Amarelo,Penhas Douradas Ã s 16:00: ğŸŸ¡ Amarelo
Penhas Douradas,17:00,2,#FADF4B,ğŸŸ¡ Amarelo,Penhas Douradas Ã s 17:00: ğŸŸ¡ Amarelo
Penhas Douradas,18:00,2,#FADF4B,ğŸŸ¡ Amarelo,Penhas Douradas Ã s 18:00: ğŸŸ¡ Amarelo
Penhas Douradas,19:00,2,#FADF4B,ğŸŸ¡ Amarelo,Penhas Douradas Ã s 19:00: ğŸŸ¡ Amarelo
Penhas Douradas,20:00,2,#FADF4B,ğŸŸ¡ Amarelo,Penhas Douradas Ã s 20:00: ğŸŸ¡ Amarelo
Penhas Douradas,21:00,2,#FADF4B,ğŸŸ¡ Amarelo,Penhas Douradas Ã s 21:00: ğŸŸ¡ Amarelo
Penhas Douradas,22:00,2,#FADF4B,ğŸŸ¡ Amarelo,Penhas Douradas Ã s 22:00: ğŸŸ¡ Amarelo
Penhas Douradas,23:00,2,#FADF4B,ğŸŸ¡ Amarelo,Penhas Douradas Ã s 23:00: ğŸŸ¡ Amarelo
Portalegre,00:00,NA,#C8C7BB,âšª Sem informaÃ§Ã£o,Portalegre Ã s 00:00: âšª Sem informaÃ§Ã£o
Portalegre,01:00,NA,#C8C7BB,âšª Sem informaÃ§Ã£o,Portalegre Ã s 01:00: âšª Sem informaÃ§Ã£o
Portalegre,02:00,NA,#C8C7BB,âšª Sem informaÃ§Ã£o,Portalegre Ã s 02:00: âšª Sem informaÃ§Ã£o
Portalegre,03:00,NA,#C8C7BB,âšª Sem informaÃ§Ã£o,Portalegre Ã s 03:00: âšª Sem informaÃ§Ã£o
Portalegre,04:00,NA,#C8C7BB,âšª Sem informaÃ§Ã£o,Portalegre Ã s 04:00: âšª Sem informaÃ§Ã£o
Portalegre,05:00,NA,#C8C7BB,âšª Sem informaÃ§Ã£o,Portalegre Ã s 05:00: âšª Sem informaÃ§Ã£o
Portalegre,06:00,1,#B9D153,ğŸŸ¢ Verde,Portalegre Ã s 06:00: ğŸŸ¢ Verde
Portalegre,07:00,1,#B9D153,ğŸŸ¢ Verde,Portalegre Ã s 07:00: ğŸŸ¢ Verde
Portalegre,08:00,1,#B9D153,ğŸŸ¢ Verde,Portalegre Ã s 08:00: ğŸŸ¢ Verde
Portalegre,09:00,2,#FADF4B,ğŸŸ¡ Amarelo,Portalegre Ã s 09:00: ğŸŸ¡ Amarelo
Portalegre,10:00,2,#FADF4B,ğŸŸ¡ Amarelo,Portalegre Ã s 10:00: ğŸŸ¡ Amarelo
Portalegre,11:00,2,#FADF4B,ğŸŸ¡ Amarelo,Portalegre Ã s 11:00: ğŸŸ¡ Amarelo
Portalegre,12:00,2,#FADF4B,ğŸŸ¡ Amarelo,Portalegre Ã s 12:00: ğŸŸ¡ Amarelo
Portalegre,13:00,2,#FADF4B,ğŸŸ¡ Amarelo,Portalegre Ã s 13:00: ğŸŸ¡ Amarelo
Portalegre,14:00,2,#FADF4B,ğŸŸ¡ Amarelo,Portalegre Ã s 14:00: ğŸŸ¡ Amarelo
Portalegre,15:00,2,#FADF4B,ğŸŸ¡ Amarelo,Portalegre Ã s 15:00: ğŸŸ¡ Amarelo
Portalegre,16:00,2,#FADF4B,ğŸŸ¡ Amarelo,Portalegre Ã s 16:00: ğŸŸ¡ Amarelo
Portalegre,17:00,2,#FADF4B,ğŸŸ¡ Amarelo,Portalegre Ã s 17:00: ğŸŸ¡ Amarelo
Portalegre,18:00,2,#FADF4B,ğŸŸ¡ Amarelo,Portalegre Ã s 18:00: ğŸŸ¡ Amarelo
Portalegre,19:00,2,#FADF4B,ğŸŸ¡ Amarelo,Portalegre Ã s 19:00: ğŸŸ¡ Amarelo
Portalegre,20:00,2,#FADF4B,ğŸŸ¡ Amarelo,Portalegre Ã s 20:00: ğŸŸ¡ Amarelo
Portalegre,21:00,2,#FADF4B,ğŸŸ¡ Amarelo,Portalegre Ã s 21:00: ğŸŸ¡ Amarelo
Portalegre,22:00,2,#FADF4B,ğŸŸ¡ Amarelo,Portalegre Ã s 22:00: ğŸŸ¡ Amarelo
Portalegre,23:00,2,#FADF4B,ğŸŸ¡ Amarelo,Portalegre Ã s 23:00: ğŸŸ¡ Amarelo
PortimÃ£o,00:00,NA,#C8C7BB,âšª Sem informaÃ§Ã£o,PortimÃ£o Ã s 00:00: âšª Sem informaÃ§Ã£o
PortimÃ£o,01:00,NA,#C8C7BB,âšª Sem informaÃ§Ã£o,PortimÃ£o Ã s 01:00: âšª Sem informaÃ§Ã£o
PortimÃ£o,02:00,NA,#C8C7BB,âšª Sem informaÃ§Ã£o,PortimÃ£o Ã s 02:00: âšª Sem informaÃ§Ã£o
PortimÃ£o,03:00,NA,#C8C7BB,âšª Sem informaÃ§Ã£o,PortimÃ£o Ã s 03:00: âšª Sem informaÃ§Ã£o
PortimÃ£o,04:00,NA,#C8C7BB,âšª Sem informaÃ§Ã£o,PortimÃ£o Ã s 04:00: âšª Sem informaÃ§Ã£o
PortimÃ£o,05:00,NA,#C8C7BB,âšª Sem informaÃ§Ã£o,PortimÃ£o Ã s 05:00: âšª Sem informaÃ§Ã£o
PortimÃ£o,06:00,1,#B9D153,ğŸŸ¢ Verde,PortimÃ£o Ã s 06:00: ğŸŸ¢ Verde
PortimÃ£o,07:00,1,#B9D153,ğŸŸ¢ Verde,PortimÃ£o Ã s 07:00: ğŸŸ¢ Verde
PortimÃ£o,08:00,1,#B9D153,ğŸŸ¢ Verde,PortimÃ£o Ã s 08:00: ğŸŸ¢ Verde
PortimÃ£o,09:00,2,#FADF4B,ğŸŸ¡ Amarelo,PortimÃ£o Ã s 09:00: ğŸŸ¡ Amarelo
PortimÃ£o,10:00,2,#FADF4B,ğŸŸ¡ Amarelo,PortimÃ£o Ã s 10:00: ğŸŸ¡ Amarelo
PortimÃ£o,11:00,2,#FADF4B,ğŸŸ¡ Amarelo,PortimÃ£o Ã s 11:00: ğŸŸ¡ Amarelo
PortimÃ£o,12:00,2,#FADF4B,ğŸŸ¡ Amarelo,PortimÃ£o Ã s 12:00: ğŸŸ¡ Amarelo
PortimÃ£o,13:00,2,#FADF4B,ğŸŸ¡ Amarelo,PortimÃ£o Ã s 13:00: ğŸŸ¡ Amarelo
PortimÃ£o,14:00,2,#FADF4B,ğŸŸ¡ Amarelo,PortimÃ£o Ã s 14:00: ğŸŸ¡ Amarelo
PortimÃ£o,15:00,2,#FADF4B,ğŸŸ¡ Amarelo,PortimÃ£o Ã s 15:00: ğŸŸ¡ Amarelo
PortimÃ£o,16:00,2,#FADF4B,ğŸŸ¡ Amarelo,PortimÃ£o Ã s 16:00: ğŸŸ¡ Amarelo
PortimÃ£o,17:00,2,#FADF4B,ğŸŸ¡ Amarelo,PortimÃ£o Ã s 17:00: ğŸŸ¡ Amarelo
PortimÃ£o,18:00,2,#FADF4B,ğŸŸ¡ Amarelo,PortimÃ£o Ã s 18:00: ğŸŸ¡ Amarelo
PortimÃ£o,19:00,2,#FADF4B,ğŸŸ¡ Amarelo,PortimÃ£o Ã s 19:00: ğŸŸ¡ Amarelo
PortimÃ£o,20:00,2,#FADF4B,ğŸŸ¡ Amarelo,PortimÃ£o Ã s 20:00: ğŸŸ¡ Amarelo
PortimÃ£o,21:00,2,#FADF4B,ğŸŸ¡ Amarelo,PortimÃ£o Ã s 21:00: ğŸŸ¡ Amarelo
PortimÃ£o,22:00,2,#FADF4B,ğŸŸ¡ Amarelo,PortimÃ£o Ã s 22:00: ğŸŸ¡ Amarelo
PortimÃ£o,23:00,2,#FADF4B,ğŸŸ¡ Amarelo,PortimÃ£o Ã s 23:00: ğŸŸ¡ Amarelo
Porto,00:00,NA,#C8C7BB,âšª Sem informaÃ§Ã£o,Porto Ã s 00:00: âšª Sem informaÃ§Ã£o
Porto,01:00,NA,#C8C7BB,âšª Sem informaÃ§Ã£o,Porto Ã s 01:00: âšª Sem informaÃ§Ã£o
Porto,02:00,NA,#C8C7BB,âšª Sem informaÃ§Ã£o,Porto Ã s 02:00: âšª Sem informaÃ§Ã£o
Porto,03:00,NA,#C8C7BB,âšª Sem informaÃ§Ã£o,Porto Ã s 03:00: âšª Sem informaÃ§Ã£o
Porto,04:00,NA,#C8C7BB,âšª Sem informaÃ§Ã£o,Porto Ã s 04:00: âšª Sem informaÃ§Ã£o
Porto,05:00,NA,#C8C7BB,âšª Sem informaÃ§Ã£o,Porto Ã s 05:00: âšª Sem informaÃ§Ã£o
Porto,06:00,1,#B9D153,ğŸŸ¢ Verde,Porto Ã s 06:00: ğŸŸ¢ Verde
Porto,07:00,1,#B9D153,ğŸŸ¢ Verde,Porto Ã s 07:00: ğŸŸ¢ Verde
Porto,08:00,1,#B9D153,ğŸŸ¢ Verde,Porto Ã s 08:00: ğŸŸ¢ Verde
Porto,09:00,2,#FADF4B,ğŸŸ¡ Amarelo,Porto Ã s 09:00: ğŸŸ¡ Amarelo
Porto,10:00,2,#FADF4B,ğŸŸ¡ Amarelo,Porto Ã s 10:00: ğŸŸ¡ Amarelo
Porto,11:00,2,#FADF4B,ğŸŸ¡ Amarelo,Porto Ã s 11:00: ğŸŸ¡ Amarelo
Porto,12:00,2,#FADF4B,ğŸŸ¡ Amarelo,Porto Ã s 12:00: ğŸŸ¡ Amarelo
Porto,13:00,2,#FADF4B,ğŸŸ¡ Amarelo,Porto Ã s 13:00: ğŸŸ¡ Amarelo
Porto,14:00,2,#FADF4B,ğŸŸ¡ Amarelo,Porto Ã s 14:00: ğŸŸ¡ Amarelo
Porto,15:00,2,#FADF4B,ğŸŸ¡ Amarelo,Porto Ã s 15:00: ğŸŸ¡ Amarelo
Porto,16:00,2,#FADF4B,ğŸŸ¡ Amarelo,Porto Ã s 16:00: ğŸŸ¡ Amarelo
Porto,17:00,2,#FADF4B,ğŸŸ¡ Amarelo,Porto Ã s 17:00: ğŸŸ¡ Amarelo
Porto,18:00,2,#FADF4B,ğŸŸ¡ Amarelo,Porto Ã s 18:00: ğŸŸ¡ Amarelo
Porto,19:00,2,#FADF4B,ğŸŸ¡ Amarelo,Porto Ã s 19:00: ğŸŸ¡ Amarelo
Porto,20:00,2,#FADF4B,ğŸŸ¡ Amarelo,Porto Ã s 20:00: ğŸŸ¡ Amarelo
Porto,21:00,2,#FADF4B,ğŸŸ¡ Amarelo,Porto Ã s 21:00: ğŸŸ¡ Amarelo
Porto,22:00,2,#FADF4B,ğŸŸ¡ Amarelo,Porto Ã s 22:00: ğŸŸ¡ Amarelo
Porto,23:00,2,#FADF4B,ğŸŸ¡ Amarelo,Porto Ã s 23:00: ğŸŸ¡ Amarelo
SantarÃ©m,00:00,NA,#C8C7BB,âšª Sem informaÃ§Ã£o,SantarÃ©m Ã s 00:00: âšª Sem informaÃ§Ã£o
SantarÃ©m,01:00,NA,#C8C7BB,âšª Sem informaÃ§Ã£o,SantarÃ©m Ã s 01:00: âšª Sem informaÃ§Ã£o
SantarÃ©m,02:00,NA,#C8C7BB,âšª Sem informaÃ§Ã£o,SantarÃ©m Ã s 02:00: âšª Sem informaÃ§Ã£o
SantarÃ©m,03:00,NA,#C8C7BB,âšª Sem informaÃ§Ã£o,SantarÃ©m Ã s 03:00: âšª Sem informaÃ§Ã£o
SantarÃ©m,04:00,NA,#C8C7BB,âšª Sem informaÃ§Ã£o,SantarÃ©m Ã s 04:00: âšª Sem informaÃ§Ã£o
SantarÃ©m,05:00,NA,#C8C7BB,âšª Sem informaÃ§Ã£o,SantarÃ©m Ã s 05:00: âšª Sem informaÃ§Ã£o
SantarÃ©m,06:00,1,#B9D153,ğŸŸ¢ Verde,SantarÃ©m Ã s 06:00: ğŸŸ¢ Verde
SantarÃ©m,07:00,1,#B9D153,ğŸŸ¢ Verde,SantarÃ©m Ã s 07:00: ğŸŸ¢ Verde
SantarÃ©m,08:00,1,#B9D153,ğŸŸ¢ Verde,SantarÃ©m Ã s 08:00: ğŸŸ¢ Verde
SantarÃ©m,09:00,2,#FADF4B,ğŸŸ¡ Amarelo,SantarÃ©m Ã s 09:00: ğŸŸ¡ Amarelo
SantarÃ©m,10:00,2,#FADF4B,ğŸŸ¡ Amarelo,SantarÃ©m Ã s 10:00: ğŸŸ¡ Amarelo
SantarÃ©m,11:00,2,#FADF4B,ğŸŸ¡ Amarelo,SantarÃ©m Ã s 11:00: ğŸŸ¡ Amarelo
SantarÃ©m,12:00,2,#FADF4B,ğŸŸ¡ Amarelo,SantarÃ©m Ã s 12:00: ğŸŸ¡ Amarelo
SantarÃ©m,13:00,2,#FADF4B,ğŸŸ¡ Amarelo,SantarÃ©m Ã s 13:00: ğŸŸ¡ Amarelo
SantarÃ©m,14:00,2,#FADF4B,ğŸŸ¡ Amarelo,SantarÃ©m Ã s 14:00: ğŸŸ¡ Amarelo
SantarÃ©m,15:00,2,#FADF4B,ğŸŸ¡ Amarelo,SantarÃ©m Ã s 15:00: ğŸŸ¡ Amarelo
SantarÃ©m,16:00,2,#FADF4B,ğŸŸ¡ Amarelo,SantarÃ©m Ã s 16:00: ğŸŸ¡ Amarelo
SantarÃ©m,17:00,2,#FADF4B,ğŸŸ¡ Amarelo,SantarÃ©m Ã s 17:00: ğŸŸ¡ Amarelo
SantarÃ©m,18:00,2,#FADF4B,ğŸŸ¡ Amarelo,SantarÃ©m Ã s 18:00: ğŸŸ¡ Amarelo
SantarÃ©m,19:00,2,#FADF4B,ğŸŸ¡ Amarelo,SantarÃ©m Ã s 19:00: ğŸŸ¡ Amarelo
SantarÃ©m,20:00,2,#FADF4B,ğŸŸ¡ Amarelo,SantarÃ©m Ã s 20:00: ğŸŸ¡ Amarelo
SantarÃ©m,21:00,2,#FADF4B,ğŸŸ¡ Amarelo,SantarÃ©m Ã s 21:00: ğŸŸ¡ Amarelo
SantarÃ©m,22:00,2,#FADF4B,ğŸŸ¡ Amarelo,SantarÃ©m Ã s 22:00: ğŸŸ¡ Amarelo
SantarÃ©m,23:00,2,#FADF4B,ğŸŸ¡ Amarelo,SantarÃ©m Ã s 23:00: ğŸŸ¡ Amarelo
SetÃºbal,00:00,NA,#C8C7BB,âšª Sem informaÃ§Ã£o,SetÃºbal Ã s 00:00: âšª Sem informaÃ§Ã£o
SetÃºbal,01:00,NA,#C8C7BB,âšª Sem informaÃ§Ã£o,SetÃºbal Ã s 01:00: âšª Sem informaÃ§Ã£o
SetÃºbal,02:00,NA,#C8C7BB,âšª Sem informaÃ§Ã£o,SetÃºbal Ã s 02:00: âšª Sem informaÃ§Ã£o
SetÃºbal,03:00,NA,#C8C7BB,âšª Sem informaÃ§Ã£o,SetÃºbal Ã s 03:00: âšª Sem informaÃ§Ã£o
SetÃºbal,04:00,NA,#C8C7BB,âšª Sem informaÃ§Ã£o,SetÃºbal Ã s 04:00: âšª Sem informaÃ§Ã£o
SetÃºbal,05:00,NA,#C8C7BB,âšª Sem informaÃ§Ã£o,SetÃºbal Ã s 05:00: âšª Sem informaÃ§Ã£o
SetÃºbal,06:00,1,#B9D153,ğŸŸ¢ Verde,SetÃºbal Ã s 06:00: ğŸŸ¢ Verde
SetÃºbal,07:00,1,#B9D153,ğŸŸ¢ Verde,SetÃºbal Ã s 07:00: ğŸŸ¢ Verde
SetÃºbal,08:00,1,#B9D153,ğŸŸ¢ Verde,SetÃºbal Ã s 08:00: ğŸŸ¢ Verde
SetÃºbal,09:00,2,#FADF4B,ğŸŸ¡ Amarelo,SetÃºbal Ã s 09:00: ğŸŸ¡ Amarelo
SetÃºbal,10:00,2,#FADF4B,ğŸŸ¡ Amarelo,SetÃºbal Ã s 10:00: ğŸŸ¡ Amarelo
SetÃºbal,11:00,2,#FADF4B,ğŸŸ¡ Amarelo,SetÃºbal Ã s 11:00: ğŸŸ¡ Amarelo
SetÃºbal,12:00,2,#FADF4B,ğŸŸ¡ Amarelo,SetÃºbal Ã s 12:00: ğŸŸ¡ Amarelo
SetÃºbal,13:00,2,#FADF4B,ğŸŸ¡ Amarelo,SetÃºbal Ã s 13:00: ğŸŸ¡ Amarelo
SetÃºbal,14:00,2,#FADF4B,ğŸŸ¡ Amarelo,SetÃºbal Ã s 14:00: ğŸŸ¡ Amarelo
SetÃºbal,15:00,2,#FADF4B,ğŸŸ¡ Amarelo,SetÃºbal Ã s 15:00: ğŸŸ¡ Amarelo
SetÃºbal,16:00,2,#FADF4B,ğŸŸ¡ Amarelo,SetÃºbal Ã s 16:00: ğŸŸ¡ Amarelo
SetÃºbal,17:00,2,#FADF4B,ğŸŸ¡ Amarelo,SetÃºbal Ã s 17:00: ğŸŸ¡ Amarelo
SetÃºbal,18:00,2,#FADF4B,ğŸŸ¡ Amarelo,SetÃºbal Ã s 18:00: ğŸŸ¡ Amarelo
SetÃºbal,19:00,2,#FADF4B,ğŸŸ¡ Amarelo,SetÃºbal Ã s 19:00: ğŸŸ¡ Amarelo
SetÃºbal,20:00,2,#FADF4B,ğŸŸ¡ Amarelo,SetÃºbal Ã s 20:00: ğŸŸ¡ Amarelo
SetÃºbal,21:00,2,#FADF4B,ğŸŸ¡ Amarelo,SetÃºbal Ã s 21:00: ğŸŸ¡ Amarelo
SetÃºbal,22:00,2,#FADF4B,ğŸŸ¡ Amarelo,SetÃºbal Ã s 22:00: ğŸŸ¡ Amarelo
SetÃºbal,23:00,2,#FADF4B,ğŸŸ¡ Amarelo,SetÃºbal Ã s 23:00: ğŸŸ¡ Amarelo
Sines,00:00,NA,#C8C7BB,âšª Sem informaÃ§Ã£o,Sines Ã s 00:00: âšª Sem informaÃ§Ã£o
Sines,01:00,NA,#C8C7BB,âšª Sem informaÃ§Ã£o,Sines Ã s 01:00: âšª Sem informaÃ§Ã£o
Sines,02:00,NA,#C8C7BB,âšª Sem informaÃ§Ã£o,Sines Ã s 02:00: âšª Sem informaÃ§Ã£o
Sines,03:00,NA,#C8C7BB,âšª Sem informaÃ§Ã£o,Sines Ã s 03:00: âšª Sem informaÃ§Ã£o
Sines,04:00,NA,#C8C7BB,âšª Sem informaÃ§Ã£o,Sines Ã s 04:00: âšª Sem informaÃ§Ã£o
Sines,05:00,NA,#C8C7BB,âšª Sem informaÃ§Ã£o,Sines Ã s 05:00: âšª Sem informaÃ§Ã£o
Sines,06:00,1,#B9D153,ğŸŸ¢ Verde,Sines Ã s 06:00: ğŸŸ¢ Verde
Sines,07:00,1,#B9D153,ğŸŸ¢ Verde,Sines Ã s 07:00: ğŸŸ¢ Verde
Sines,08:00,1,#B9D153,ğŸŸ¢ Verde,Sines Ã s 08:00: ğŸŸ¢ Verde
Sines,09:00,2,#FADF4B,ğŸŸ¡ Amarelo,Sines Ã s 09:00: ğŸŸ¡ Amarelo
Sines,10:00,2,#FADF4B,ğŸŸ¡ Amarelo,Sines Ã s 10:00: ğŸŸ¡ Amarelo
Sines,11:00,2,#FADF4B,ğŸŸ¡ Amarelo,Sines Ã s 11:00: ğŸŸ¡ Amarelo
Sines,12:00,2,#FADF4B,ğŸŸ¡ Amarelo,Sines Ã s 12:00: ğŸŸ¡ Amarelo
Sines,13:00,2,#FADF4B,ğŸŸ¡ Amarelo,Sines Ã s 13:00: ğŸŸ¡ Amarelo
Sines,14:00,2,#FADF4B,ğŸŸ¡ Amarelo,Sines Ã s 14:00: ğŸŸ¡ Amarelo
Sines,15:00,2,#FADF4B,ğŸŸ¡ Amarelo,Sines Ã s 15:00: ğŸŸ¡ Amarelo
Sines,16:00,2,#FADF4B,ğŸŸ¡ Amarelo,Sines Ã s 16:00: ğŸŸ¡ Amarelo
Sines,17:00,2,#FADF4B,ğŸŸ¡ Amarelo,Sines Ã s 17:00: ğŸŸ¡ Amarelo
Sines,18:00,2,#FADF4B,ğŸŸ¡ Amarelo,Sines Ã s 18:00: ğŸŸ¡ Amarelo
Sines,19:00,2,#FADF4B,ğŸŸ¡ Amarelo,Sines Ã s 19:00: ğŸŸ¡ Amarelo
Sines,20:00,2,#FADF4B,ğŸŸ¡ Amarelo,Sines Ã s 20:00: ğŸŸ¡ Amarelo
Sines,21:00,2,#FADF4B,ğŸŸ¡ Amarelo,Sines Ã s 21:00: ğŸŸ¡ Amarelo
Sines,22:00,2,#FADF4B,ğŸŸ¡ Amarelo,Sines Ã s 22:00: ğŸŸ¡ Amarelo
Sines,23:00,2,#FADF4B,ğŸŸ¡ Amarelo,Sines Ã s 23:00: ğŸŸ¡ Amarelo
Viana do Castelo,00:00,NA,#C8C7BB,âšª Sem informaÃ§Ã£o,Viana do Castelo Ã s 00:00: âšª Sem informaÃ§Ã£o
Viana do Castelo,01:00,NA,#C8C7BB,âšª Sem informaÃ§Ã£o,Viana do Castelo Ã s 01:00: âšª Sem informaÃ§Ã£o
Viana do Castelo,02:00,NA,#C8C7BB,âšª Sem informaÃ§Ã£o,Viana do Castelo Ã s 02:00: âšª Sem informaÃ§Ã£o
Viana do Castelo,03:00,NA,#C8C7BB,âšª Sem informaÃ§Ã£o,Viana do Castelo Ã s 03:00: âšª Sem informaÃ§Ã£o
Viana do Castelo,04:00,NA,#C8C7BB,âšª Sem informaÃ§Ã£o,Viana do Castelo Ã s 04:00: âšª Sem informaÃ§Ã£o
Viana do Castelo,05:00,NA,#C8C7BB,âšª Sem informaÃ§Ã£o,Viana do Castelo Ã s 05:00: âšª Sem informaÃ§Ã£o
Viana do Castelo,06:00,1,#B9D153,ğŸŸ¢ Verde,Viana do Castelo Ã s 06:00: ğŸŸ¢ Verde
Viana do Castelo,07:00,1,#B9D153,ğŸŸ¢ Verde,Viana do Castelo Ã s 07:00: ğŸŸ¢ Verde
Viana do Castelo,08:00,1,#B9D153,ğŸŸ¢ Verde,Viana do Castelo Ã s 08:00: ğŸŸ¢ Verde
Viana do Castelo,09:00,2,#FADF4B,ğŸŸ¡ Amarelo,Viana do Castelo Ã s 09:00: ğŸŸ¡ Amarelo
Viana do Castelo,10:00,2,#FADF4B,ğŸŸ¡ Amarelo,Viana do Castelo Ã s 10:00: ğŸŸ¡ Amarelo
Viana do Castelo,11:00,2,#FADF4B,ğŸŸ¡ Amarelo,Viana do Castelo Ã s 11:00: ğŸŸ¡ Amarelo
Viana do Castelo,12:00,2,#FADF4B,ğŸŸ¡ Amarelo,Viana do Castelo Ã s 12:00: ğŸŸ¡ Amarelo
Viana do Castelo,13:00,2,#FADF4B,ğŸŸ¡ Amarelo,Viana do Castelo Ã s 13:00: ğŸŸ¡ Amarelo
Viana do Castelo,14:00,2,#FADF4B,ğŸŸ¡ Amarelo,Viana do Castelo Ã s 14:00: ğŸŸ¡ Amarelo
Viana do Castelo,15:00,2,#FADF4B,ğŸŸ¡ Amarelo,Viana do Castelo Ã s 15:00: ğŸŸ¡ Amarelo
Viana do Castelo,16:00,2,#FADF4B,ğŸŸ¡ Amarelo,Viana do Castelo Ã s 16:00: ğŸŸ¡ Amarelo
Viana do Castelo,17:00,2,#FADF4B,ğŸŸ¡ Amarelo,Viana do Castelo Ã s 17:00: ğŸŸ¡ Amarelo
Viana do Castelo,18:00,2,#FADF4B,ğŸŸ¡ Amarelo,Viana do Castelo Ã s 18:00: ğŸŸ¡ Amarelo
Viana do Castelo,19:00,2,#FADF4B,ğŸŸ¡ Amarelo,Viana do Castelo Ã s 19:00: ğŸŸ¡ Amarelo
Viana do Castelo,20:00,2,#FADF4B,ğŸŸ¡ Amarelo,Viana do Castelo Ã s 20:00: ğŸŸ¡ Amarelo
Viana do Castelo,21:00,2,#FADF4B,ğŸŸ¡ Amarelo,Viana do Castelo Ã s 21:00: ğŸŸ¡ Amarelo
Viana do Castelo,22:00,2,#FADF4B,ğŸŸ¡ Amarelo,Viana do Castelo Ã s 22:00: ğŸŸ¡ Amarelo
Viana do Castelo,23:00,2,#FADF4B,ğŸŸ¡ Amarelo,Viana do Castelo Ã s 23:00: ğŸŸ¡ Amarelo
Vila Real,00:00,NA,#C8C7BB,âšª Sem informaÃ§Ã£o,Vila Real Ã s 00:00: âšª Sem informaÃ§Ã£o
Vila Real,01:00,NA,#C8C7BB,âšª Sem informaÃ§Ã£o,Vila Real Ã s 01:00: âšª Sem informaÃ§Ã£o
Vila Real,02:00,NA,#C8C7BB,âšª Sem informaÃ§Ã£o,Vila Real Ã s 02:00: âšª Sem informaÃ§Ã£o
Vila Real,03:00,NA,#C8C7BB,âšª Sem informaÃ§Ã£o,Vila Real Ã s 03:00: âšª Sem informaÃ§Ã£o
Vila Real,04:00,NA,#C8C7BB,âšª Sem informaÃ§Ã£o,Vila Real Ã s 04:00: âšª Sem informaÃ§Ã£o
Vila Real,05:00,NA,#C8C7BB,âšª Sem informaÃ§Ã£o,Vila Real Ã s 05:00: âšª Sem informaÃ§Ã£o
Vila Real,06:00,1,#B9D153,ğŸŸ¢ Verde,Vila Real Ã s 06:00: ğŸŸ¢ Verde
Vila Real,07:00,1,#B9D153,ğŸŸ¢ Verde,Vila Real Ã s 07:00: ğŸŸ¢ Verde
Vila Real,08:00,1,#B9D153,ğŸŸ¢ Verde,Vila Real Ã s 08:00: ğŸŸ¢ Verde
Vila Real,09:00,2,#FADF4B,ğŸŸ¡ Amarelo,Vila Real Ã s 09:00: ğŸŸ¡ Amarelo
Vila Real,10:00,2,#FADF4B,ğŸŸ¡ Amarelo,Vila Real Ã s 10:00: ğŸŸ¡ Amarelo
Vila Real,11:00,2,#FADF4B,ğŸŸ¡ Amarelo,Vila Real Ã s 11:00: ğŸŸ¡ Amarelo
Vila Real,12:00,2,#FADF4B,ğŸŸ¡ Amarelo,Vila Real Ã s 12:00: ğŸŸ¡ Amarelo
Vila Real,13:00,2,#FADF4B,ğŸŸ¡ Amarelo,Vila Real Ã s 13:00: ğŸŸ¡ Amarelo
Vila Real,14:00,2,#FADF4B,ğŸŸ¡ Amarelo,Vila Real Ã s 14:00: ğŸŸ¡ Amarelo
Vila Real,15:00,2,#FADF4B,ğŸŸ¡ Amarelo,Vila Real Ã s 15:00: ğŸŸ¡ Amarelo
Vila Real,16:00,2,#FADF4B,ğŸŸ¡ Amarelo,Vila Real Ã s 16:00: ğŸŸ¡ Amarelo
Vila Real,17:00,2,#FADF4B,ğŸŸ¡ Amarelo,Vila Real Ã s 17:00: ğŸŸ¡ Amarelo
Vila Real,18:00,2,#FADF4B,ğŸŸ¡ Amarelo,Vila Real Ã s 18:00: ğŸŸ¡ Amarelo
Vila Real,19:00,2,#FADF4B,ğŸŸ¡ Amarelo,Vila Real Ã s 19:00: ğŸŸ¡ Amarelo
Vila Real,20:00,2,#FADF4B,ğŸŸ¡ Amarelo,Vila Real Ã s 20:00: ğŸŸ¡ Amarelo
Vila Real,21:00,2,#FADF4B,ğŸŸ¡ Amarelo,Vila Real Ã s 21:00: ğŸŸ¡ Amarelo
Vila Real,22:00,2,#FADF4B,ğŸŸ¡ Amarelo,Vila Real Ã s 22:00: ğŸŸ¡ Amarelo
Vila Real,23:00,2,#FADF4B,ğŸŸ¡ Amarelo,Vila Real Ã s 23:00: ğŸŸ¡ Amarelo
Viseu,00:00,NA,#C8C7BB,âšª Sem informaÃ§Ã£o,Viseu Ã s 00:00: âšª Sem informaÃ§Ã£o
Viseu,01:00,NA,#C8C7BB,âšª Sem informaÃ§Ã£o,Viseu Ã s 01:00: âšª Sem informaÃ§Ã£o
Viseu,02:00,NA,#C8C7BB,âšª Sem informaÃ§Ã£o,Viseu Ã s 02:00: âšª Sem informaÃ§Ã£o
Viseu,03:00,NA,#C8C7BB,âšª Sem informaÃ§Ã£o,Viseu Ã s 03:00: âšª Sem informaÃ§Ã£o
Viseu,04:00,NA,#C8C7BB,âšª Sem informaÃ§Ã£o,Viseu Ã s 04:00: âšª Sem informaÃ§Ã£o
Viseu,05:00,NA,#C8C7BB,âšª Sem informaÃ§Ã£o,Viseu Ã s 05:00: âšª Sem informaÃ§Ã£o
Viseu,06:00,1,#B9D153,ğŸŸ¢ Verde,Viseu Ã s 06:00: ğŸŸ¢ Verde
Viseu,07:00,1,#B9D153,ğŸŸ¢ Verde,Viseu Ã s 07:00: ğŸŸ¢ Verde
Viseu,08:00,1,#B9D153,ğŸŸ¢ Verde,Viseu Ã s 08:00: ğŸŸ¢ Verde
Viseu,09:00,2,#FADF4B,ğŸŸ¡ Amarelo,Viseu Ã s 09:00: ğŸŸ¡ Amarelo
Viseu,10:00,2,#FADF4B,ğŸŸ¡ Amarelo,Viseu Ã s 10:00: ğŸŸ¡ Amarelo
Viseu,11:00,2,#FADF4B,ğŸŸ¡ Amarelo,Viseu Ã s 11:00: ğŸŸ¡ Amarelo
Viseu,12:00,2,#FADF4B,ğŸŸ¡ Amarelo,Viseu Ã s 12:00: ğŸŸ¡ Amarelo
Viseu,13:00,2,#FADF4B,ğŸŸ¡ Amarelo,Viseu Ã s 13:00: ğŸŸ¡ Amarelo
Viseu,14:00,2,#FADF4B,ğŸŸ¡ Amarelo,Viseu Ã s 14:00: ğŸŸ¡ Amarelo
Viseu,15:00,2,#FADF4B,ğŸŸ¡ Amarelo,Viseu Ã s 15:00: ğŸŸ¡ Amarelo
Viseu,16:00,2,#FADF4B,ğŸŸ¡ Amarelo,Viseu Ã s 16:00: ğŸŸ¡ Amarelo
Viseu,17:00,2,#FADF4B,ğŸŸ¡ Amarelo,Viseu Ã s 17:00: ğŸŸ¡ Amarelo
Viseu,18:00,2,#FADF4B,ğŸŸ¡ Amarelo,Viseu Ã s 18:00: ğŸŸ¡ Amarelo
Viseu,19:00,2,#FADF4B,ğŸŸ¡ Amarelo,Viseu Ã s 19:00: ğŸŸ¡ Amarelo
Viseu,20:00,2,#FADF4B,ğŸŸ¡ Amarelo,Viseu Ã s 20:00: ğŸŸ¡ Amarelo
Viseu,21:00,2,#FADF4B,ğŸŸ¡ Amarelo,Viseu Ã s 21:00: ğŸŸ¡ Amarelo
Viseu,22:00,2,#FADF4B,ğŸŸ¡ Amarelo,Viseu Ã s 22:00: ğŸŸ¡ Amarelo
Viseu,23:00,2,#FADF4B,ğŸŸ¡ Amarelo,Viseu Ã s 23:00: ğŸŸ¡ Amarelo
